basket_file,basket,year,pnl,max_dd,worst_1d,worst_5d,worst_20d,ttr_median,ttr_p90,ttr_max,n_days
reports/bfsp/uk/greyhound/win/track_baskets/basket_TOP10_BY_POST_PNL_daily.parquet,basket_TOP10_BY_POST_PNL,2018,585.8317260208705,-325.6604778006057,-74.0,-117.18381404539629,-202.02629285703551,30.0,100.40000000000003,132.0,362
reports/bfsp/uk/greyhound/win/track_baskets/basket_TOP10_BY_POST_PNL_daily.parquet,basket_TOP10_BY_POST_PNL,2019,1193.4657629382648,-156.0811407122299,-55.0,-114.06283027204108,-156.08114071222988,8.0,35.0,62.0,363
reports/bfsp/uk/greyhound/win/track_baskets/basket_TOP10_BY_POST_PNL_daily.parquet,basket_TOP10_BY_POST_PNL,2020,696.8121058544963,-160.48612580178394,-44.614981309,-98.70015663013926,-121.93526393962735,10.0,27.0,39.0,296
reports/bfsp/uk/greyhound/win/track_baskets/basket_TOP10_BY_POST_PNL_daily.parquet,basket_TOP10_BY_POST_PNL,2021,1136.7087989579409,-425.0570873403667,-58.5,-134.4895201435964,-228.7815523246389,4.0,12.099999999999994,19.0,363
reports/bfsp/uk/greyhound/win/track_baskets/basket_TOP10_BY_POST_PNL_daily.parquet,basket_TOP10_BY_POST_PNL,2022,1277.2373554089331,-363.2306143980355,-81.79091828672438,-158.60641852197122,-246.07310076321568,17.0,89.30000000000001,119.0,357
reports/bfsp/uk/greyhound/win/track_baskets/basket_TOP10_BY_POST_PNL_daily.parquet,basket_TOP10_BY_POST_PNL,2023,1393.5938781060981,-197.35064844000001,-55.75663952,-124.22162228000003,-181.57702334000004,8.0,43.80000000000001,62.0,363
reports/bfsp/uk/greyhound/win/track_baskets/basket_TOP10_BY_POST_PNL_daily.parquet,basket_TOP10_BY_POST_PNL,2024,372.54796997000005,-348.55270158999997,-66.0,-142.99693594999997,-276.99090444,31.0,94.30000000000001,118.0,365
reports/bfsp/uk/greyhound/win/track_baskets/basket_TOP10_BY_POST_PNL_daily.parquet,basket_TOP10_BY_POST_PNL,2025,767.44355486,-279.00347322,-61.24126512,-120.82504156999998,-244.8033592,8.0,49.0,63.0,227
