basket_file,basket,year,pnl,max_dd,worst_1d,worst_5d,worst_20d,ttr_median,ttr_p90,ttr_max,n_days
reports/bfsp/uk/greyhound/win/track_baskets/basket_ALL_UK_10_20_daily.parquet,basket_ALL_UK_10_20,2018,1600.7501449998852,-565.9148149058949,-112.30912410549936,-288.68835906638026,-479.39632827066606,22.0,87.40000000000003,119.0,363
reports/bfsp/uk/greyhound/win/track_baskets/basket_ALL_UK_10_20_daily.parquet,basket_ALL_UK_10_20,2019,215.17092427931956,-611.9991324717981,-109.75842604435564,-182.36743687705558,-283.53416919439167,66.0,154.0,176.0,364
reports/bfsp/uk/greyhound/win/track_baskets/basket_ALL_UK_10_20_daily.parquet,basket_ALL_UK_10_20,2020,1270.1002049683025,-417.240355263393,-128.33375740227893,-203.73055476541285,-377.0903477225919,7.0,22.0,39.0,297
reports/bfsp/uk/greyhound/win/track_baskets/basket_ALL_UK_10_20_daily.parquet,basket_ALL_UK_10_20,2021,764.3608954391062,-549.8638871682263,-138.80849135715835,-242.93794139322551,-403.48964678432174,7.0,28.099999999999994,45.0,363
reports/bfsp/uk/greyhound/win/track_baskets/basket_ALL_UK_10_20_daily.parquet,basket_ALL_UK_10_20,2022,-137.00062420723845,-1157.341593601555,-140.15728129533358,-306.08496816905404,-557.735239970063,44.5,104.9,120.0,359
reports/bfsp/uk/greyhound/win/track_baskets/basket_ALL_UK_10_20_daily.parquet,basket_ALL_UK_10_20,2023,141.0323481668663,-698.6257089699998,-109.39730555,-245.60587814000013,-324.01027342000003,6.0,29.9,36.0,364
reports/bfsp/uk/greyhound/win/track_baskets/basket_ALL_UK_10_20_daily.parquet,basket_ALL_UK_10_20,2024,500.9628334700001,-774.0229886799998,-99.72389345,-309.54789205000003,-422.64930053999996,16.0,56.599999999999994,82.0,365
reports/bfsp/uk/greyhound/win/track_baskets/basket_ALL_UK_10_20_daily.parquet,basket_ALL_UK_10_20,2025,44.87868359999999,-780.5816760799997,-94.49012572999999,-242.25536949000002,-586.84088754,10.0,34.0,48.0,227
