basket_file,basket,year,pnl,max_dd,worst_1d,worst_5d,worst_20d,ttr_median,ttr_p90,ttr_max,n_days
reports/bfsp/uk/greyhound/win/track_baskets/basket_TOP15_BY_POST_PNL_daily.parquet,basket_TOP15_BY_POST_PNL,2018,424.69473983533004,-342.68521803168284,-84.5,-123.5325712529681,-192.31515077056574,32.0,149.60000000000002,183.0,363
reports/bfsp/uk/greyhound/win/track_baskets/basket_TOP15_BY_POST_PNL_daily.parquet,basket_TOP15_BY_POST_PNL,2019,613.9394047129886,-278.3175191301544,-84.5,-193.57880334696503,-230.93097666634733,22.5,66.10000000000002,93.0,364
reports/bfsp/uk/greyhound/win/track_baskets/basket_TOP15_BY_POST_PNL_daily.parquet,basket_TOP15_BY_POST_PNL,2020,1235.2547174545177,-229.5875072734384,-78.33375740227893,-137.93361910646283,-178.94821837980066,9.0,25.0,39.0,296
reports/bfsp/uk/greyhound/win/track_baskets/basket_TOP15_BY_POST_PNL_daily.parquet,basket_TOP15_BY_POST_PNL,2021,267.7974981687405,-848.6471014454837,-83.87578065232213,-231.03768746092703,-353.78816589808173,6.0,18.0,25.0,363
reports/bfsp/uk/greyhound/win/track_baskets/basket_TOP15_BY_POST_PNL_daily.parquet,basket_TOP15_BY_POST_PNL,2022,984.7538209578263,-554.8506397376502,-112.39051123878644,-222.32239548308502,-372.13016119793036,35.0,145.60000000000002,178.0,358
reports/bfsp/uk/greyhound/win/track_baskets/basket_TOP15_BY_POST_PNL_daily.parquet,basket_TOP15_BY_POST_PNL,2023,962.4531351220372,-456.8388229300001,-84.12562789,-164.85315117999994,-248.37954453000003,23.0,95.0,124.0,364
reports/bfsp/uk/greyhound/win/track_baskets/basket_TOP15_BY_POST_PNL_daily.parquet,basket_TOP15_BY_POST_PNL,2024,750.1004541099999,-369.01388864000006,-74.76498168,-168.06183877999996,-266.00697235,13.0,86.80000000000001,112.0,365
reports/bfsp/uk/greyhound/win/track_baskets/basket_TOP15_BY_POST_PNL_daily.parquet,basket_TOP15_BY_POST_PNL,2025,757.01967629,-470.8132357300001,-75.5,-179.41984538,-355.35207115000003,8.0,52.400000000000006,66.0,227
