{
  "n_sims": 5000,
  "stake_mult": 1.0,
  "terminal_pnl": {
    "mean": 4596.4343556867225,
    "p05": 1825.9847656810446,
    "p50": 4617.471876507528,
    "p95": 7373.1393522082435
  },
  "max_dd": {
    "mean": -1001.8101264156277,
    "p05": -1619.5138895146806,
    "p50": -935.683558210608,
    "p95": -608.1207030341361
  },
  "worst_20d": {
    "mean": -502.30751278411617,
    "p05": -615.750355751269,
    "p50": -493.34692457456936,
    "p95": -408.0347474217282
  },
  "ruin_prob_bankroll_200": 0.5062,
  "ruin_prob_bankroll_300": 0.359,
  "ruin_prob_bankroll_500": 0.1856,
  "ruin_prob_bankroll_750": 0.0818,
  "ruin_prob_bankroll_1000": 0.0344,
  "ruin_prob_bankroll_1500": 0.0072,
  "ruin_prob_bankroll_2000": 0.001
}