basket,n_tracks,total_pnl,max_dd,ttr_p90_days,worst_20d,perm_p_best_month_ge_actual,perm_p_dd_worse_or_equal,boot_total_ci95_lo,boot_total_ci95_hi,boot_dd_ci95_lo,boot_dd_ci95_hi,rm_top_days_total_pnl,rm_top_days_max_dd,rm_best_month,rm_best_month_total_pnl,rm_best_month_max_dd,edge_win_rate,edge_implied,edge,ev_per_bet
WF_TOP5_TRAIN_PNL,5,597.3000190309258,-438.6742560194683,11.0,-256.99318270232686,0.618,0.3045,-453.17892644096855,1635.7476445286331,-882.4871339765333,-211.14707017963352,-71.6648693790346,-589.2254050109968,2022-05,343.08089222249345,-438.6742560194681,0.08001013856032443,0.07737961473856131,0.0026305238217631255,0.025232342811377394
WF_TOP3_TRAIN_PNL,3,575.5455425949617,-254.5995345675716,14.600000000000005,-186.1583588441108,0.4735,0.6425,-199.7892054430621,1404.252919869077,-591.7716233969729,-149.9604602232346,-5.491897083418053,-495.7573743649986,2022-04,343.3607538266834,-254.59953456757182,0.08099645118641709,0.07761396932477789,0.003382481861639197,0.040049094885182795
WF_TOP10_TRAIN_PNL,10,428.4400122946861,-821.4617516715398,13.800000000000004,-273.0701085663258,0.64,0.1,-831.6814766020528,1798.0596082519967,-1313.6883124461524,-287.5730865122518,-398.3666066962604,-988.355853373639,2022-05,126.85186748253847,-821.4617516715396,0.07943661971830986,0.07747260085350491,0.001964018864804948,0.010971575218813982
WF_ALL_UK_10_20,22,-40.3253721635495,-1208.6453321046151,53.40000000000004,-557.735239970063,0.68,0.2175,-1814.9916241041967,1761.4715999956213,-2270.1569558452243,-462.50945301127786,-1121.5510229417632,-1804.5168856833736,2022-12,-396.8037032008261,-1221.5030269055335,0.07851845585539859,0.07714828334447416,0.0013701725109244306,-0.0005685555672609458
