{
  "reports/bfsp/uk/greyhound/win/track_baskets/basket_ALL_UK_10_20_daily.parquet": {
    "file": "reports/bfsp/uk/greyhound/win/track_baskets/basket_ALL_UK_10_20_daily.parquet",
    "total_pnl": 4400.255410716241,
    "n_days": 2702,
    "n_bets": 441749,
    "max_dd": -1157.341593601554,
    "max_dd_pct": -196.9826155106054,
    "ttr_median_days": 5.0,
    "ttr_p90_days": 48.0,
    "ttr_max_days": 728.0,
    "streak_day_max": 8,
    "streak_day_p90": 4.0,
    "worst_1d": -140.15728129533358,
    "worst_5d": -309.54789205,
    "worst_20d": -586.84088754
  },
  "reports/bfsp/uk/greyhound/win/track_baskets/basket_TOP10_BY_POST_PNL_daily.parquet": {
    "file": "reports/bfsp/uk/greyhound/win/track_baskets/basket_TOP10_BY_POST_PNL_daily.parquet",
    "total_pnl": 7423.641152116605,
    "n_days": 2696,
    "n_bets": 143484,
    "max_dd": -425.0570873403667,
    "max_dd_pct": -270.7434581350376,
    "ttr_median_days": 3.0,
    "ttr_p90_days": 26.30000000000001,
    "ttr_max_days": 161.0,
    "streak_day_max": 10,
    "streak_day_p90": 3.0,
    "worst_1d": -81.79091828672438,
    "worst_5d": -158.60641852197116,
    "worst_20d": -276.99090444000007
  },
  "reports/bfsp/uk/greyhound/win/track_baskets/basket_TOP10_BY_POST_RATIO_daily.parquet": {
    "file": "reports/bfsp/uk/greyhound/win/track_baskets/basket_TOP10_BY_POST_RATIO_daily.parquet",
    "total_pnl": 7423.641152116605,
    "n_days": 2696,
    "n_bets": 143484,
    "max_dd": -425.0570873403667,
    "max_dd_pct": -270.7434581350376,
    "ttr_median_days": 3.0,
    "ttr_p90_days": 26.30000000000001,
    "ttr_max_days": 161.0,
    "streak_day_max": 10,
    "streak_day_p90": 3.0,
    "worst_1d": -81.79091828672438,
    "worst_5d": -158.60641852197116,
    "worst_20d": -276.99090444000007
  },
  "reports/bfsp/uk/greyhound/win/track_baskets/basket_TOP15_BY_POST_PNL_daily.parquet": {
    "file": "reports/bfsp/uk/greyhound/win/track_baskets/basket_TOP15_BY_POST_PNL_daily.parquet",
    "total_pnl": 5996.013446651439,
    "n_days": 2700,
    "n_bets": 253080,
    "max_dd": -848.6471014454805,
    "max_dd_pct": -1097.8230821012924,
    "ttr_median_days": 4.0,
    "ttr_p90_days": 29.0,
    "ttr_max_days": 316.0,
    "streak_day_max": 10,
    "streak_day_p90": 4.0,
    "worst_1d": -112.39051123878644,
    "worst_5d": -231.03768746092697,
    "worst_20d": -372.1301611979303
  },
  "reports/bfsp/uk/greyhound/win/track_baskets/basket_TOP15_BY_POST_RATIO_daily.parquet": {
    "file": "reports/bfsp/uk/greyhound/win/track_baskets/basket_TOP15_BY_POST_RATIO_daily.parquet",
    "total_pnl": 5996.013446651439,
    "n_days": 2700,
    "n_bets": 253080,
    "max_dd": -848.6471014454805,
    "max_dd_pct": -1097.8230821012924,
    "ttr_median_days": 4.0,
    "ttr_p90_days": 29.0,
    "ttr_max_days": 316.0,
    "streak_day_max": 10,
    "streak_day_p90": 4.0,
    "worst_1d": -112.39051123878644,
    "worst_5d": -231.03768746092697,
    "worst_20d": -372.1301611979303
  },
  "reports/bfsp/uk/greyhound/win/track_baskets/basket_TOP3_BY_POST_PNL_daily.parquet": {
    "file": "reports/bfsp/uk/greyhound/win/track_baskets/basket_TOP3_BY_POST_PNL_daily.parquet",
    "total_pnl": 3755.932764159179,
    "n_days": 2345,
    "n_bets": 57588,
    "max_dd": -341.4437273507557,
    "max_dd_pct": -504.09847309870923,
    "ttr_median_days": 4.0,
    "ttr_p90_days": 51.10000000000001,
    "ttr_max_days": 242.0,
    "streak_day_max": 9,
    "streak_day_p90": 4.0,
    "worst_1d": -61.0,
    "worst_5d": -117.34049732389165,
    "worst_20d": -184.38878877974193
  },
  "reports/bfsp/uk/greyhound/win/track_baskets/basket_TOP3_BY_POST_RATIO_daily.parquet": {
    "file": "reports/bfsp/uk/greyhound/win/track_baskets/basket_TOP3_BY_POST_RATIO_daily.parquet",
    "total_pnl": 3755.932764159179,
    "n_days": 2345,
    "n_bets": 57588,
    "max_dd": -341.4437273507557,
    "max_dd_pct": -504.09847309870923,
    "ttr_median_days": 4.0,
    "ttr_p90_days": 51.10000000000001,
    "ttr_max_days": 242.0,
    "streak_day_max": 9,
    "streak_day_p90": 4.0,
    "worst_1d": -61.0,
    "worst_5d": -117.34049732389165,
    "worst_20d": -184.38878877974193
  },
  "reports/bfsp/uk/greyhound/win/track_baskets/basket_TOP5_BY_POST_PNL_daily.parquet": {
    "file": "reports/bfsp/uk/greyhound/win/track_baskets/basket_TOP5_BY_POST_PNL_daily.parquet",
    "total_pnl": 4960.931808600882,
    "n_days": 2525,
    "n_bets": 91963,
    "max_dd": -400.6250659289087,
    "max_dd_pct": -188.17917893006987,
    "ttr_median_days": 4.0,
    "ttr_p90_days": 34.0,
    "ttr_max_days": 182.0,
    "streak_day_max": 10,
    "streak_day_p90": 4.0,
    "worst_1d": -65.41604935647646,
    "worst_5d": -119.63615214000001,
    "worst_20d": -252.27753948999998
  },
  "reports/bfsp/uk/greyhound/win/track_baskets/basket_TOP5_BY_POST_RATIO_daily.parquet": {
    "file": "reports/bfsp/uk/greyhound/win/track_baskets/basket_TOP5_BY_POST_RATIO_daily.parquet",
    "total_pnl": 4960.931808600882,
    "n_days": 2525,
    "n_bets": 91963,
    "max_dd": -400.6250659289087,
    "max_dd_pct": -188.17917893006987,
    "ttr_median_days": 4.0,
    "ttr_p90_days": 34.0,
    "ttr_max_days": 182.0,
    "streak_day_max": 10,
    "streak_day_p90": 4.0,
    "worst_1d": -65.41604935647646,
    "worst_5d": -119.63615214000001,
    "worst_20d": -252.27753948999998
  }
}