track,n_bets,win_rate,total_pnl,max_dd,profit_dd_ratio
Harlow,3731,0.08871616188689359,545.5358992065514,-116.52796156407828,4.681587937214222
Romford,5767,0.08028437662562858,231.92297073078237,-137.109584003244,1.6915153846961937
Hove,5003,0.07895262842294623,70.41308684525178,-259.77235892405747,0.27105688664064725
Swindon,4298,0.07794322940902745,-48.658610409287924,-382.05771379933975,-0.12735931942168266
Crayford,4873,0.07592858608659964,-201.913327342372,-452.9761023008846,-0.4457482995609628
