track,n_bets,win_rate,total_pnl,max_dd,profit_dd_ratio
Harlow,3731,0.08871616188689359,545.5358992065514,-116.52796156407828,4.681587937214222
Romford,5767,0.08028437662562858,231.92297073078237,-137.109584003244,1.6915153846961937
Crayford,4873,0.07592858608659964,-201.913327342372,-452.9761023008846,-0.4457482995609628
