bin_file,year,days,pnl,max_dd,ttr_median,ttr_p90,ttr_max,worst_1d,cum_pnl,pos_year
reports/bfsp/uk/greyhound/win/bin_sweeps/bsp_10_00_20_00_daily.parquet,2018,365,1396.0008239584738,-817.6259846961876,6.0,33.80000000000001,168.0,-168.82897010312217,1396.0008239584738,1
reports/bfsp/uk/greyhound/win/bin_sweeps/bsp_10_00_20_00_daily.parquet,2019,364,700.2716884013757,-1031.3790976615546,3.0,72.59999999999997,182.0,-198.70756077563667,2096.2725123598493,1
reports/bfsp/uk/greyhound/win/bin_sweeps/bsp_10_00_20_00_daily.parquet,2020,366,1817.6938539643947,-548.9556601022473,4.0,47.800000000000004,65.0,-197.94613804609645,3913.966366324244,1
reports/bfsp/uk/greyhound/win/bin_sweeps/bsp_10_00_20_00_daily.parquet,2021,364,815.9282144246345,-1394.0508680219066,5.0,25.20000000000001,161.0,-188.903939542856,4729.894580748878,1
reports/bfsp/uk/greyhound/win/bin_sweeps/bsp_10_00_20_00_daily.parquet,2022,364,-470.9532895247619,-1605.3169173811084,1.5,74.59999999999992,278.0,-186.1541468357698,4258.941291224116,0
reports/bfsp/uk/greyhound/win/bin_sweeps/bsp_10_00_20_00_daily.parquet,2023,364,-383.75489043378957,-1663.2106499400002,5.0,18.0,287.0,-150.41423529,3875.1864007903264,0
reports/bfsp/uk/greyhound/win/bin_sweeps/bsp_10_00_20_00_daily.parquet,2024,366,-241.29158844999972,-1044.5181256199996,3.5,86.30000000000013,189.0,-182.27554821,3633.8948123403266,0
reports/bfsp/uk/greyhound/win/bin_sweeps/bsp_10_00_20_00_daily.parquet,2025,228,89.45849205999991,-828.2611385799999,2.5,34.0,69.0,-177.59130334,3723.3533044003266,1
