{
  "variant": "mode=expanding|topN=5|band=none|minbets=200",
  "train_mode": "expanding",
  "top_n": 5,
  "band_rule": "none",
  "min_train_bets": 200,
  "test_months": [
    "2022-01",
    "2022-02",
    "2022-03",
    "2022-04",
    "2022-05",
    "2022-06",
    "2022-07",
    "2022-08",
    "2022-09",
    "2022-10",
    "2022-11",
    "2022-12",
    "2023-01",
    "2023-02",
    "2023-03",
    "2023-04",
    "2023-05",
    "2023-06",
    "2023-07",
    "2023-08",
    "2023-09",
    "2023-10",
    "2023-11",
    "2023-12",
    "2024-01",
    "2024-02",
    "2024-03",
    "2024-04",
    "2024-05",
    "2024-06",
    "2024-07",
    "2024-08",
    "2024-09",
    "2024-10",
    "2024-11",
    "2024-12",
    "2025-01",
    "2025-02",
    "2025-03",
    "2025-04",
    "2025-05",
    "2025-06",
    "2025-07",
    "2025-08",
    "2025-09",
    "2025-10",
    "2025-11",
    "2025-12",
    "2026-01",
    "2026-02"
  ],
  "pocket": {
    "bsp_lo": 10.0,
    "bsp_hi": 20.0
  },
  "seed": 42,
  "bands": [
    [
      "10-12",
      10.0,
      12.0
    ],
    [
      "12-15",
      12.0,
      15.0
    ],
    [
      "15-20",
      15.0,
      20.0
    ]
  ],
  "best_leaderboard_row": {
    "variant": "mode=expanding|topN=5|band=none|minbets=200",
    "train_mode": "expanding",
    "top_n": 5,
    "band_rule": "none",
    "min_train_bets": 200,
    "months": 50,
    "total_bets": 134048,
    "total_pnl": 4551.6078529045935,
    "max_dd": -1133.4397070797122,
    "profit_dd_ratio": 4.015747661277663,
    "ttr_p90_days": 29.59999999999998,
    "ttr_max_days": 248.0,
    "worst_20d": -492.7005531100001
  }
}